learning_rate,optimizer,loss_fn,loss
0.000390,adam,mse,89534.3093
0.005119,adamw,mse,39697.1995
0.000039,adam,mse,89560.1775
0.000607,adam,mse,89442.7728
0.000025,sgd,l1,89560.1499
0.002966,adam,l1,51439.5356
0.000144,sgd,l1,89559.9540
0.002059,adam,mse,76630.4288
0.000248,adam,l1,89555.0359
